pr-contract	completed	success	113325025600
graders-head-copy	completed	success	113324784929
coverage-ratchet	completed	success	113324784642
claims-autofix	completed	skipped	113320827797
closures-autofix	completed	skipped	113314661413
mutation-autofix	completed	skipped	113300452337
mutation-pins	completed	skipped	113300451553
mutation-pin-plan	completed	skipped	113300449870
CodeQL	completed	success	113300307353
closures	completed	success	113300296664
mutation-ledger-push	completed	skipped	113300184793
mutation-ledger	completed	skipped	113300184792
mutation-nightly	completed	skipped	113300183917
record-autofix	completed	skipped	113300183911
slow	completed	skipped	113300183703
nightly-ha	completed	skipped	113300183211
recheck-gate	completed	skipped	113300182867
fast (3.14)	completed	success	113300182292
briefs	completed	success	113300182221
typing	completed	success	113300182210
mutation	completed	success	113300182197
coverage	completed	success	113300182146
browser	completed	success	113300182139
nightly-status	completed	failure	113300181884
closure-scope	completed	success	113300181474
budget-raise-gate	completed	success	113300046386
delivery-status-publish	completed	skipped	113300038938
record	completed	skipped	113300038710
Analyze (javascript-typescript)	completed	success	113300037623
hassfest	completed	success	113300037605
Analyze (python)	completed	success	113300037582
instrument-self-tests	completed	success	113300037260
env-matrix	completed	success	113300037192
Analyze (actions)	completed	success	113300037160
policy-docs	completed	success	113300037123
budget-raise-gate	completed	success	113300037088
wave-script	completed	success	113300037074
pr-contract	completed	success	113300036776
validate-hacs	completed	success	113300036774
delivery-status	completed	failure	113300036748
