Analyze (actions)	completed	success	113325902438
Analyze (javascript-typescript)	completed	success	113325902834
Analyze (python)	in_progress		113325902815
CodeQL	completed	neutral	113326232451
briefs	completed	success	113325908147
browser	in_progress		113325908280
budget-raise-gate	completed	failure	113325906657
budget-raise-gate	completed	failure	113325918910
closure-scope	completed	success	113325903159
closures	in_progress		113326030125
coverage	in_progress		113325908150
delivery-status	completed	failure	113325904355
delivery-status-publish	completed	skipped	113325906537
env-matrix	completed	success	113325904551
fast (3.14)	in_progress		113325907940
hassfest	completed	success	113325903621
instrument-self-tests	completed	success	113325904129
mutation	in_progress		113325908215
mutation-ledger	completed	skipped	113325910716
mutation-ledger-push	completed	skipped	113325913211
mutation-nightly	completed	skipped	113325910626
nightly-ha	completed	skipped	113325909225
nightly-status	completed	failure	113325903798
policy-docs	completed	success	113325904642
pr-contract	completed	success	113325902096
pr-contract	completed	success	113327109658
recheck-gate	completed	skipped	113325909189
record	completed	skipped	113325906316
record-autofix	completed	skipped	113325908898
slow	completed	skipped	113325910672
typing	completed	success	113325908149
validate-hacs	completed	success	113325902785
wave-script	completed	success	113325904449
