Analyze (actions)	completed	success	https://github.com/tvofi/heatpump_optimizer/actions/runs/37051170820/job/110984655333
Analyze (javascript-typescript)	completed	success	https://github.com/tvofi/heatpump_optimizer/actions/runs/37051170820/job/110984655767
Analyze (python)	completed	success	https://github.com/tvofi/heatpump_optimizer/actions/runs/37051170820/job/110984656361
CodeQL	completed	success	https://github.com/tvofi/heatpump_optimizer/runs/110984942600
briefs	completed	success	https://github.com/tvofi/heatpump_optimizer/actions/runs/37051170797/job/110984656690
browser	completed	success	https://github.com/tvofi/heatpump_optimizer/actions/runs/37051170797/job/110984656822
budget-raise-gate	completed	cancelled	https://github.com/tvofi/heatpump_optimizer/actions/runs/37051170513/job/110984653584
budget-raise-gate	completed	success	https://github.com/tvofi/heatpump_optimizer/actions/runs/37051170860/job/110984659704
claims-autofix	completed	skipped	https://github.com/tvofi/heatpump_optimizer/actions/runs/37051170797/job/110991724532
closure-scope	completed	success	https://github.com/tvofi/heatpump_optimizer/actions/runs/37051170797/job/110984655968
closures	completed	success	https://github.com/tvofi/heatpump_optimizer/actions/runs/37051170797/job/110984756734
closures-autofix	completed	skipped	https://github.com/tvofi/heatpump_optimizer/actions/runs/37051170797/job/110995577577
coverage	completed	success	https://github.com/tvofi/heatpump_optimizer/actions/runs/37051170797/job/110984656718
coverage-ratchet	completed	success	https://github.com/tvofi/heatpump_optimizer/actions/runs/37051170797/job/110993960507
delivery-status	completed	success	https://github.com/tvofi/heatpump_optimizer/actions/runs/37051170796/job/110984657614
delivery-status-publish	completed	skipped	https://github.com/tvofi/heatpump_optimizer/actions/runs/37051170796/job/110984658997
env-matrix	completed	success	https://github.com/tvofi/heatpump_optimizer/actions/runs/37051170796/job/110984657602
fast (3.14)	completed	success	https://github.com/tvofi/heatpump_optimizer/actions/runs/37051170797/job/110984656753
graders-head-copy	completed	success	https://github.com/tvofi/heatpump_optimizer/actions/runs/37051170797/job/110993960605
hassfest	completed	success	https://github.com/tvofi/heatpump_optimizer/actions/runs/37051170893/job/110984656487
instrument-self-tests	completed	success	https://github.com/tvofi/heatpump_optimizer/actions/runs/37051170796/job/110984657218
mutation	completed	failure	https://github.com/tvofi/heatpump_optimizer/actions/runs/37051170797/job/110984656774
mutation-autofix	completed	success	https://github.com/tvofi/heatpump_optimizer/actions/runs/37051170797/job/110995050878
mutation-ledger	completed	skipped	https://github.com/tvofi/heatpump_optimizer/actions/runs/37051170797/job/110984658890
mutation-ledger-push	completed	skipped	https://github.com/tvofi/heatpump_optimizer/actions/runs/37051170797/job/110984659539
mutation-nightly	completed	skipped	https://github.com/tvofi/heatpump_optimizer/actions/runs/37051170797/job/110984658379
nightly-ha	completed	skipped	https://github.com/tvofi/heatpump_optimizer/actions/runs/37051170797/job/110984658630
nightly-status	completed	failure	https://github.com/tvofi/heatpump_optimizer/actions/runs/37051170797/job/110984656229
policy-docs	completed	success	https://github.com/tvofi/heatpump_optimizer/actions/runs/37051170796/job/110984657623
pr-contract	completed	cancelled	https://github.com/tvofi/heatpump_optimizer/actions/runs/37051170496/job/110984653568
pr-contract	completed	success	https://github.com/tvofi/heatpump_optimizer/actions/runs/37051170821/job/110995662177
recheck-gate	completed	skipped	https://github.com/tvofi/heatpump_optimizer/actions/runs/37051170797/job/110984658840
record	completed	skipped	https://github.com/tvofi/heatpump_optimizer/actions/runs/37051170796/job/110984659150
slow	completed	skipped	https://github.com/tvofi/heatpump_optimizer/actions/runs/37051170797/job/110984659223
typing	completed	success	https://github.com/tvofi/heatpump_optimizer/actions/runs/37051170797/job/110984656801
validate-hacs	completed	success	https://github.com/tvofi/heatpump_optimizer/actions/runs/37051170805/job/110984655040
wave-script	completed	success	https://github.com/tvofi/heatpump_optimizer/actions/runs/37051170796/job/110984657583
