Analyze (actions)	queued	null	110840799954	null
Analyze (javascript-typescript)	in_progress	null	110840800237	null
Analyze (python)	in_progress	null	110840800333	null
budget-raise-gate	completed	cancelled	110840545296	2026-10-02T12:38:56Z
budget-raise-gate	completed	success	110840553179	2026-10-02T12:39:11Z
delivery-status	completed	success	110840546255	2026-10-02T12:39:08Z
delivery-status-publish	completed	skipped	110840547472	2026-10-02T12:38:55Z
env-matrix	in_progress	null	110840546251	null
hassfest	completed	success	110840545280	2026-10-02T12:39:24Z
instrument-self-tests	in_progress	null	110840546211	null
policy-docs	completed	success	110840545949	2026-10-02T12:39:25Z
pr-contract	completed	cancelled	110840545041	2026-10-02T12:38:55Z
pr-contract	completed	success	110840674247	2026-10-02T12:39:39Z
record	completed	skipped	110840547531	2026-10-02T12:38:55Z
validate-hacs	completed	success	110840544854	2026-10-02T12:39:45Z
wave-script	completed	success	110840546388	2026-10-02T12:39:09Z
