Analyze (actions)	completed	success	112783144428
Analyze (javascript-typescript)	completed	success	112783144473
Analyze (python)	in_progress		112783144186
CodeQL	completed	neutral	112783415206
briefs	completed	success	112783529284
browser	completed	success	112783529204
budget-raise-gate	completed	cancelled	112783139718
budget-raise-gate	completed	success	112783146818
closure-scope	completed	success	112783528817
closures	in_progress		112783627105
coverage	in_progress		112783529181
delivery-status	completed	failure	112783142942
delivery-status-publish	completed	skipped	112783144435
env-matrix	completed	success	112783142969
fast (3.14)	in_progress		112783529276
hassfest	completed	success	112783142595
instrument-self-tests	completed	success	112783142857
mutation	completed	success	112783529267
mutation-autofix	completed	skipped	112783755558
mutation-ledger	completed	skipped	112783531796
mutation-ledger-push	completed	skipped	112783532677
mutation-nightly	completed	skipped	112783530910
nightly-ha	completed	skipped	112783530751
nightly-status	completed	failure	112783529148
policy-docs	completed	success	112783142635
pr-contract	completed	success	112783140600
pr-contract	completed	success	112784233458
recheck-gate	completed	skipped	112783530855
record	completed	skipped	112783144207
record-autofix	completed	skipped	112783530535
slow	completed	skipped	112783531062
typing	completed	success	112783529488
validate-hacs	completed	success	112783142633
wave-script	completed	success	112783142850
