name	status	conclusion	job	head_sha	required
Analyze (actions)	completed	success	113802814754	bab0aeb8d	YES
Analyze (javascript-typescript)	completed	success	113802814345	bab0aeb8d	YES
Analyze (python)	completed	success	113802814719	bab0aeb8d	YES
CodeQL	completed	success	113803107697	bab0aeb8d	
briefs	completed	success	113802814994	bab0aeb8d	YES
browser	completed	success	113802815044	bab0aeb8d	YES
budget-raise-gate	completed	failure	113802816594	bab0aeb8d	YES
claims-autofix	completed	skipped	113809911614	bab0aeb8d	
closure-scope	completed	success	113802814620	bab0aeb8d	YES
closures	completed	success	113802916899	bab0aeb8d	YES
closures-autofix	completed	skipped	113822009348	bab0aeb8d	
coverage	completed	success	113802814910	bab0aeb8d	
coverage-ratchet	completed	success	113824108454	bab0aeb8d	
delivery-status	completed	success	113802814259	bab0aeb8d	
delivery-status-publish	completed	skipped	113802815779	bab0aeb8d	
env-matrix	completed	success	113802814735	bab0aeb8d	YES
fast (3.14)	completed	success	113802814934	bab0aeb8d	YES
graders-head-copy	completed	success	113824108325	bab0aeb8d	
hassfest	completed	success	113802814051	bab0aeb8d	YES
instrument-self-tests	completed	success	113802814543	bab0aeb8d	
mutation	completed	success	113802814901	bab0aeb8d	YES
mutation-autofix	completed	skipped	113826114285	bab0aeb8d	
mutation-ledger	completed	skipped	113802816054	bab0aeb8d	
mutation-ledger-push	completed	skipped	113802816724	bab0aeb8d	
mutation-nightly	completed	skipped	113802816427	bab0aeb8d	
mutation-pin-plan	completed	skipped	113826113092	bab0aeb8d	
mutation-pins	completed	skipped	113826114185	bab0aeb8d	
nightly-ha (2025.2.0)	completed	success	113802916979	bab0aeb8d	
nightly-ha (stable)	completed	success	113802916955	bab0aeb8d	
nightly-status	completed	success	113802814913	bab0aeb8d	
policy-docs	completed	success	113802814544	bab0aeb8d	YES
pr-contract	completed	success	113803315709	bab0aeb8d	YES
recheck-gate	completed	skipped	113802816566	bab0aeb8d	
record	completed	skipped	113802815699	bab0aeb8d	
record-autofix	completed	skipped	113802816374	bab0aeb8d	
slow	completed	skipped	113802816666	bab0aeb8d	
typing	completed	success	113802814970	bab0aeb8d	YES
validate-hacs	completed	success	113802814444	bab0aeb8d	YES
wave-script	completed	success	113802814622	bab0aeb8d	YES
--- required contexts with NO check-run at this head ---
--- summary ---
Counter({('completed', 'success'): 25, ('completed', 'skipped'): 13, ('completed', 'failure'): 1})
