Analyze (actions)	completed	success	2026-10-07T21:44:45Z	113032675481
Analyze (javascript-typescript)	completed	success	2026-10-07T21:44:46Z	113032675083
Analyze (python)	completed	success	2026-10-07T21:44:44Z	113032675389
briefs	completed	success	2026-10-07T21:44:50Z	113032710928
browser	completed	success	2026-10-07T21:44:49Z	113032710835
claims-autofix	completed	skipped	2026-10-07T21:48:50Z	113034272453
closure-scope	completed	skipped	2026-10-07T21:44:38Z	113032651299
closures	completed	success	2026-10-07T21:44:41Z	113032650277
closures-autofix	completed	skipped	2026-10-07T22:38:46Z	113052700968
coverage	completed	success	2026-10-07T21:44:51Z	113032710852
coverage-ratchet	completed	success	2026-10-07T21:45:33Z	113032994751
delivery-status	completed	skipped	2026-10-07T21:44:40Z	113032663660
delivery-status-publish	completed	skipped	2026-10-07T21:44:40Z	113032663743
env-matrix	completed	success	2026-10-07T21:44:43Z	113032662032
fast (3.14)	completed	success	2026-10-07T21:44:51Z	113032710921
graders-head-copy	completed	skipped	2026-10-07T21:45:31Z	113032996227
hassfest	completed	success	2026-10-07T21:44:46Z	113032685040
instrument-self-tests	completed	success	2026-10-07T21:44:42Z	113032661696
mutation	completed	success	2026-10-07T21:44:50Z	113032710924
mutation-autofix	completed	skipped	2026-10-07T21:45:21Z	113032929908
mutation-ledger	completed	skipped	2026-10-07T21:44:47Z	113032712670
mutation-ledger-push	completed	skipped	2026-10-07T21:44:48Z	113032714246
mutation-nightly	completed	skipped	2026-10-07T21:44:47Z	113032712368
nightly-ha (2025.2.0)	completed	success	2026-10-07T21:44:41Z	113032649850
nightly-ha (stable)	completed	success	2026-10-07T21:44:41Z	113032650079
nightly-status	completed	skipped	2026-10-07T21:44:38Z	113032651712
policy-docs	completed	success	2026-10-07T21:44:42Z	113032661855
recheck-gate	completed	success	2026-10-07T21:44:40Z	113032649642
record	completed	failure	2026-10-07T21:44:42Z	113032661896
record-autofix	completed	skipped	2026-10-07T21:44:38Z	113032651176
slow	completed	skipped	2026-10-07T21:44:47Z	113032712555
typing	completed	success	2026-10-07T21:44:50Z	113032710781
validate-hacs	completed	success	2026-10-07T21:44:48Z	113032699835
wave-script	completed	success	2026-10-07T21:44:43Z	113032662064
