Analyze (actions)	completed	success	2026-10-07T21:16:31Z	113021411009
Analyze (javascript-typescript)	completed	success	2026-10-07T21:16:31Z	113021411155
Analyze (python)	completed	success	2026-10-07T21:16:31Z	113021410822
briefs	completed	success	2026-10-07T21:16:37Z	113021445208
browser	completed	success	2026-10-07T21:16:35Z	113021444905
claims-autofix	completed	skipped	2026-10-07T21:20:26Z	113022997117
closure-scope	completed	skipped	2026-10-07T21:16:24Z	113021386673
closures	completed	success	2026-10-07T21:16:27Z	113021385569
closures-autofix	completed	skipped	2026-10-07T21:55:13Z	113036674183
coverage	completed	success	2026-10-07T21:17:11Z	113021444971
coverage-ratchet	completed	success	2026-10-07T22:01:11Z	113038894300
delivery-status	completed	skipped	2026-10-07T21:16:26Z	113021401550
delivery-status-publish	completed	skipped	2026-10-07T21:16:26Z	113021401434
env-matrix	completed	failure	2026-10-07T21:16:29Z	113021400185
fast (3.14)	completed	success	2026-10-07T21:16:36Z	113021445001
graders-head-copy	completed	skipped	2026-10-07T22:01:09Z	113038896068
hassfest	completed	success	2026-10-07T21:16:33Z	113021426008
instrument-self-tests	completed	failure	2026-10-07T21:16:29Z	113021400430
mutation	completed	success	2026-10-07T21:16:36Z	113021445184
mutation-autofix	completed	skipped	2026-10-07T21:17:07Z	113021673178
mutation-ledger	completed	skipped	2026-10-07T21:16:33Z	113021447619
mutation-ledger-push	completed	skipped	2026-10-07T21:16:33Z	113021447741
mutation-nightly	completed	skipped	2026-10-07T21:16:33Z	113021446817
nightly-ha (2025.2.0)	completed	success	2026-10-07T21:16:27Z	113021385339
nightly-ha (stable)	completed	success	2026-10-07T21:16:27Z	113021385475
nightly-status	completed	skipped	2026-10-07T21:16:24Z	113021387247
policy-docs	completed	failure	2026-10-07T21:16:28Z	113021399978
recheck-gate	completed	success	2026-10-07T21:16:27Z	113021385203
record	completed	failure	2026-10-07T21:16:29Z	113021400501
record-autofix	completed	skipped	2026-10-07T21:16:24Z	113021387343
slow	completed	skipped	2026-10-07T21:16:33Z	113021447085
typing	completed	success	2026-10-07T21:16:36Z	113021445040
validate-hacs	completed	success	2026-10-07T21:17:11Z	113021437038
wave-script	completed	success	2026-10-07T21:16:29Z	113021400190
