Analyze (actions)	success	110935252493
Analyze (javascript-typescript)	success	110935251965
Analyze (python)	success	110935252412
CodeQL	success	110935490135
briefs	success	110935386464
browser	success	110935386434
budget-raise-gate	cancelled	110935095834
budget-raise-gate	success	110935102400
claims-autofix	success	110944787961
closure-scope	success	110935386228
closures	success	110935466023
closures-autofix	skipped	110945554488
coverage	success	110935386424
coverage-ratchet	success	110944119577
delivery-status	success	110935095813
delivery-status-publish	skipped	110935097019
env-matrix	success	110935095796
fast (3.14)	failure	110935386372
graders-head-copy	success	110944119512
hassfest	success	110935095428
instrument-self-tests	success	110935096004
mutation	success	110935386507
mutation-autofix	skipped	110935592084
mutation-nightly	skipped	110935388502
nightly-ha	skipped	110935387363
nightly-status	success	110935386058
policy-docs	success	110935095759
pr-contract	cancelled	110935094118
pr-contract	failure	110945652795
recheck-gate	skipped	110935387495
record	skipped	110935130894
slow	skipped	110935388231
typing	success	110935386531
validate-hacs	success	110935094370
wave-script	success	110935095435
