pr-contract	completed	failure	113132492257
mutation-autofix	completed	skipped	113132159733
mutation-pins	completed	skipped	113132158905
mutation-pin-plan	completed	skipped	113132158065
CodeQL	completed	success	113132082156
closures	in_progress	-	113132056989
mutation-ledger-push	completed	skipped	113131996954
mutation-nightly	completed	skipped	113131996527
mutation-ledger	completed	skipped	113131996521
slow	completed	skipped	113131996497
record-autofix	completed	skipped	113131995970
recheck-gate	completed	skipped	113131995912
nightly-ha	completed	skipped	113131995609
briefs	completed	success	113131994995
mutation	completed	success	113131994943
typing	completed	success	113131994865
closure-scope	completed	success	113131994792
browser	completed	success	113131994777
fast (3.14)	in_progress	-	113131994750
coverage	in_progress	-	113131994745
nightly-status	completed	success	113131994612
Analyze (javascript-typescript)	completed	success	113131927820
Analyze (python)	completed	success	113131927356
Analyze (actions)	completed	success	113131927157
budget-raise-gate	completed	success	113131809399
record	completed	skipped	113131809224
delivery-status-publish	completed	skipped	113131809155
instrument-self-tests	completed	success	113131808096
policy-docs	completed	success	113131808081
wave-script	completed	success	113131808063
env-matrix	completed	success	113131808049
delivery-status	completed	failure	113131807985
hassfest	completed	success	113131807019
validate-hacs	completed	success	113131806903
budget-raise-gate	completed	cancelled	113131801692
pr-contract	completed	failure	113131801566
