Analyze (actions)	completed	success	112810165231
Analyze (javascript-typescript)	completed	success	112810165232
Analyze (python)	completed	success	112810164945
CodeQL	completed	success	112810476633
briefs	completed	success	112810164499
browser	completed	success	112810164396
budget-raise-gate	completed	cancelled	112810154923
budget-raise-gate	completed	success	112810163671
claims-autofix	completed	skipped	112823909451
closure-scope	completed	success	112810161915
closures	completed	failure	112810272267
closures-autofix	completed	failure	112820973686
coverage	in_progress		112810164301
delivery-status	completed	failure	112810158107
delivery-status-publish	completed	skipped	112810160292
env-matrix	completed	success	112810157659
fast (3.14)	completed	success	112810164577
hassfest	completed	success	112810159416
instrument-self-tests	completed	success	112810157989
mutation	completed	success	112810164240
mutation-autofix	completed	skipped	112810451073
mutation-ledger	completed	skipped	112810166280
mutation-ledger-push	completed	skipped	112810167766
mutation-nightly	completed	skipped	112810165752
nightly-ha	completed	skipped	112810163401
nightly-status	completed	failure	112810162068
policy-docs	completed	success	112810158085
pr-contract	completed	success	112810155541
pr-contract	completed	success	112811432054
recheck-gate	completed	skipped	112810163599
record	completed	skipped	112810160703
record-autofix	completed	skipped	112810235644
slow	completed	skipped	112810165986
typing	completed	success	112810164341
validate-hacs	completed	success	112810160038
wave-script	completed	success	112810158204
