CodeQL	completed	success	https://github.com/tvofi/heatpump_optimizer/runs/113966564494
mutation-autofix	completed	skipped	https://github.com/tvofi/heatpump_optimizer/actions/runs/37973624822/job/113966485947
mutation-pins	completed	skipped	https://github.com/tvofi/heatpump_optimizer/actions/runs/37973624822/job/113966485156
mutation-pin-plan	completed	skipped	https://github.com/tvofi/heatpump_optimizer/actions/runs/37973624822/job/113966484312
pr-contract	completed	success	https://github.com/tvofi/heatpump_optimizer/actions/runs/37973624793/job/113966452108
nightly-ha	completed	skipped	https://github.com/tvofi/heatpump_optimizer/actions/runs/37973624822/job/113966371416
closures	in_progress	-	https://github.com/tvofi/heatpump_optimizer/actions/runs/37973624822/job/113966369487
slow	completed	skipped	https://github.com/tvofi/heatpump_optimizer/actions/runs/37973624822/job/113966246118
mutation-ledger-push	completed	skipped	https://github.com/tvofi/heatpump_optimizer/actions/runs/37973624822/job/113966245695
mutation-ledger	completed	skipped	https://github.com/tvofi/heatpump_optimizer/actions/runs/37973624822/job/113966245192
mutation-nightly	completed	skipped	https://github.com/tvofi/heatpump_optimizer/actions/runs/37973624822/job/113966245103
record-autofix	completed	skipped	https://github.com/tvofi/heatpump_optimizer/actions/runs/37973624822/job/113966244298
recheck-gate	completed	skipped	https://github.com/tvofi/heatpump_optimizer/actions/runs/37973624822/job/113966243744
delivery-status-publish	completed	skipped	https://github.com/tvofi/heatpump_optimizer/actions/runs/37973624734/job/113966243401
browser	completed	success	https://github.com/tvofi/heatpump_optimizer/actions/runs/37973624822/job/113966243243
typing	completed	success	https://github.com/tvofi/heatpump_optimizer/actions/runs/37973624822/job/113966243122
mutation	completed	success	https://github.com/tvofi/heatpump_optimizer/actions/runs/37973624822/job/113966243112
fast (3.14)	in_progress	-	https://github.com/tvofi/heatpump_optimizer/actions/runs/37973624822/job/113966243087
coverage	in_progress	-	https://github.com/tvofi/heatpump_optimizer/actions/runs/37973624822/job/113966242989
briefs	completed	success	https://github.com/tvofi/heatpump_optimizer/actions/runs/37973624822/job/113966242907
record	completed	skipped	https://github.com/tvofi/heatpump_optimizer/actions/runs/37973624734/job/113966242852
nightly-status	completed	success	https://github.com/tvofi/heatpump_optimizer/actions/runs/37973624822/job/113966242609
closure-scope	completed	success	https://github.com/tvofi/heatpump_optimizer/actions/runs/37973624822/job/113966242282
wave-script	completed	success	https://github.com/tvofi/heatpump_optimizer/actions/runs/37973624734/job/113966241848
Analyze (javascript-typescript)	completed	success	https://github.com/tvofi/heatpump_optimizer/actions/runs/37973624774/job/113966241703
Analyze (python)	completed	success	https://github.com/tvofi/heatpump_optimizer/actions/runs/37973624774/job/113966241701
policy-docs	completed	success	https://github.com/tvofi/heatpump_optimizer/actions/runs/37973624734/job/113966241697
delivery-status	completed	success	https://github.com/tvofi/heatpump_optimizer/actions/runs/37973624734/job/113966241619
hassfest	completed	success	https://github.com/tvofi/heatpump_optimizer/actions/runs/37973624809/job/113966241613
pr-contract	completed	success	https://github.com/tvofi/heatpump_optimizer/actions/runs/37973624819/job/113966241510
instrument-self-tests	completed	success	https://github.com/tvofi/heatpump_optimizer/actions/runs/37973624734/job/113966241458
env-matrix	completed	success	https://github.com/tvofi/heatpump_optimizer/actions/runs/37973624734/job/113966241294
Analyze (actions)	completed	success	https://github.com/tvofi/heatpump_optimizer/actions/runs/37973624774/job/113966241244
budget-raise-gate	completed	success	https://github.com/tvofi/heatpump_optimizer/actions/runs/37973624824/job/113966241239
budget-raise-gate	completed	success	https://github.com/tvofi/heatpump_optimizer/actions/runs/37973624753/job/113966241191
validate-hacs	completed	success	https://github.com/tvofi/heatpump_optimizer/actions/runs/37973624711/job/113966241018
