Analyze (actions)	completed	success	112896347909
Analyze (javascript-typescript)	completed	success	112896348568
Analyze (python)	completed	success	112896348236
CodeQL	completed	success	112896585075
briefs	completed	success	112896509531
browser	completed	success	112896509458
budget-raise-gate	completed	cancelled	112896129688
budget-raise-gate	completed	success	112896144591
closure-scope	completed	success	112896507695
closures	in_progress	-	112896673631
coverage	in_progress	-	112896509515
delivery-status	completed	failure	112896139134
delivery-status-publish	completed	skipped	112896141905
env-matrix	completed	success	112896139662
fast (3.14)	in_progress	-	112896509590
hassfest	completed	success	112896138911
instrument-self-tests	completed	success	112896139583
mutation	completed	success	112896509747
mutation-autofix	completed	skipped	112896796540
mutation-ledger	completed	skipped	112896511828
mutation-ledger-push	completed	skipped	112896514379
mutation-nightly	completed	skipped	112896511689
nightly-ha	completed	skipped	112896509514
nightly-status	completed	failure	112896508101
policy-docs	completed	success	112896139474
pr-contract	completed	success	112896129380
pr-contract	completed	success	112897604498
recheck-gate	completed	skipped	112896509516
record	completed	skipped	112896141790
record-autofix	completed	skipped	112896509602
slow	completed	skipped	112896511339
typing	completed	success	112896509600
validate-hacs	completed	success	112896137792
wave-script	completed	success	112896139678
