coverage-ratchet	113845913091	completed	success	https://github.com/tvofi/heatpump_optimizer/actions/runs/37931340582/job/113845913091
graders-head-copy	113845912886	completed	success	https://github.com/tvofi/heatpump_optimizer/actions/runs/37931340582/job/113845912886
closures-autofix	113843847376	completed	skipped	https://github.com/tvofi/heatpump_optimizer/actions/runs/37931340582/job/113843847376
claims-autofix	113833175941	completed	skipped	https://github.com/tvofi/heatpump_optimizer/actions/runs/37931340582/job/113833175941
CodeQL	113822820925	completed	success	https://github.com/tvofi/heatpump_optimizer/runs/113822820925
mutation-autofix	113822767235	completed	skipped	https://github.com/tvofi/heatpump_optimizer/actions/runs/37931340582/job/113822767235
mutation-pins	113822766638	completed	skipped	https://github.com/tvofi/heatpump_optimizer/actions/runs/37931340582/job/113822766638
mutation-pin-plan	113822765988	completed	skipped	https://github.com/tvofi/heatpump_optimizer/actions/runs/37931340582/job/113822765988
pr-contract	113822757824	completed	success	https://github.com/tvofi/heatpump_optimizer/actions/runs/37931340651/job/113822757824
nightly-ha	113822630582	completed	skipped	https://github.com/tvofi/heatpump_optimizer/actions/runs/37931340582/job/113822630582
closures	113822628451	completed	success	https://github.com/tvofi/heatpump_optimizer/actions/runs/37931340582/job/113822628451
mutation-ledger-push	113822549036	completed	skipped	https://github.com/tvofi/heatpump_optimizer/actions/runs/37931340582/job/113822549036
mutation-nightly	113822547975	completed	skipped	https://github.com/tvofi/heatpump_optimizer/actions/runs/37931340582/job/113822547975
mutation-ledger	113822546137	completed	skipped	https://github.com/tvofi/heatpump_optimizer/actions/runs/37931340582/job/113822546137
slow	113822546131	completed	skipped	https://github.com/tvofi/heatpump_optimizer/actions/runs/37931340582/job/113822546131
delivery-status-publish	113822546118	completed	skipped	https://github.com/tvofi/heatpump_optimizer/actions/runs/37931340932/job/113822546118
arch-score	113822545830	completed	success	https://github.com/tvofi/heatpump_optimizer/actions/runs/37931340936/job/113822545830
record	113822545611	completed	skipped	https://github.com/tvofi/heatpump_optimizer/actions/runs/37931340932/job/113822545611
recheck-gate	113822545527	completed	skipped	https://github.com/tvofi/heatpump_optimizer/actions/runs/37931340582/job/113822545527
record-autofix	113822545413	completed	skipped	https://github.com/tvofi/heatpump_optimizer/actions/runs/37931340582/job/113822545413
browser	113822544920	completed	success	https://github.com/tvofi/heatpump_optimizer/actions/runs/37931340582/job/113822544920
mutation	113822544901	completed	success	https://github.com/tvofi/heatpump_optimizer/actions/runs/37931340582/job/113822544901
coverage	113822544871	completed	success	https://github.com/tvofi/heatpump_optimizer/actions/runs/37931340582/job/113822544871
briefs	113822544857	completed	success	https://github.com/tvofi/heatpump_optimizer/actions/runs/37931340582/job/113822544857
fast (3.14)	113822544801	completed	success	https://github.com/tvofi/heatpump_optimizer/actions/runs/37931340582/job/113822544801
typing	113822544779	completed	success	https://github.com/tvofi/heatpump_optimizer/actions/runs/37931340582/job/113822544779
wave-script	113822544694	completed	success	https://github.com/tvofi/heatpump_optimizer/actions/runs/37931340932/job/113822544694
instrument-self-tests	113822544547	completed	success	https://github.com/tvofi/heatpump_optimizer/actions/runs/37931340932/job/113822544547
delivery-status	113822544531	completed	success	https://github.com/tvofi/heatpump_optimizer/actions/runs/37931340932/job/113822544531
policy-docs	113822544473	completed	success	https://github.com/tvofi/heatpump_optimizer/actions/runs/37931340932/job/113822544473
env-matrix	113822544295	completed	success	https://github.com/tvofi/heatpump_optimizer/actions/runs/37931340932/job/113822544295
hassfest	113822544123	completed	success	https://github.com/tvofi/heatpump_optimizer/actions/runs/37931340914/job/113822544123
closure-scope	113822544067	completed	success	https://github.com/tvofi/heatpump_optimizer/actions/runs/37931340582/job/113822544067
nightly-status	113822543777	completed	success	https://github.com/tvofi/heatpump_optimizer/actions/runs/37931340582/job/113822543777
Analyze (actions)	113822543393	completed	success	https://github.com/tvofi/heatpump_optimizer/actions/runs/37931340678/job/113822543393
validate-hacs	113822543309	completed	success	https://github.com/tvofi/heatpump_optimizer/actions/runs/37931340764/job/113822543309
Analyze (javascript-typescript)	113822543227	completed	success	https://github.com/tvofi/heatpump_optimizer/actions/runs/37931340678/job/113822543227
Analyze (python)	113822542978	completed	success	https://github.com/tvofi/heatpump_optimizer/actions/runs/37931340678/job/113822542978
budget-raise-gate	113822542900	completed	success	https://github.com/tvofi/heatpump_optimizer/actions/runs/37931340624/job/113822542900
budget-raise-gate	113822541502	completed	success	https://github.com/tvofi/heatpump_optimizer/actions/runs/37931340055/job/113822541502
arch-score	113822541077	completed	success	https://github.com/tvofi/heatpump_optimizer/actions/runs/37931340131/job/113822541077
pr-contract	113822541049	completed	success	https://github.com/tvofi/heatpump_optimizer/actions/runs/37931340043/job/113822541049
