mutation-autofix	completed	skipped	113225055875
mutation-pins	completed	skipped	113225054944
mutation-pin-plan	completed	skipped	113225054548
mutation-ledger-push	completed	skipped	113224603296
mutation-ledger	completed	skipped	113224600986
slow	completed	skipped	113224600956
mutation-nightly	completed	skipped	113224600787
mutation	completed	failure	113224598923
fast (3.14)	in_progress		113224598915
browser	completed	success	113224598832
coverage	in_progress		113224598739
typing	completed	success	113224598618
briefs	completed	success	113224598584
CodeQL	completed	neutral	113224433345
Analyze (python)	in_progress		113224086248
Analyze (javascript-typescript)	completed	success	113224086196
Analyze (actions)	completed	success	113224085830
validate-hacs	completed	success	113224078040
hassfest	completed	success	113224075343
closure-scope	completed	skipped	113224055824
nightly-status	completed	skipped	113224055581
record-autofix	completed	skipped	113224055551
closures	in_progress		113224054057
nightly-ha (2025.2.0)	completed	success	113224054043
recheck-gate	completed	success	113224053958
nightly-ha (stable)	completed	success	113224053591
