claims-autofix	completed	skipped	2026-10-09T14:27:30Z
CodeQL	completed	success	2026-10-09T14:24:57Z
coverage-ratchet	completed	success	2026-10-09T14:24:52Z
graders-head-copy	completed	success	2026-10-09T14:24:52Z
closures-autofix	completed	skipped	2026-10-09T14:24:48Z
mutation-autofix	completed	skipped	2026-10-09T14:24:46Z
mutation-pins	completed	skipped	2026-10-09T14:24:46Z
mutation-pin-plan	completed	skipped	2026-10-09T14:24:46Z
pr-contract	completed	success	2026-10-09T14:24:34Z
nightly-ha	completed	skipped	2026-10-09T14:24:26Z
closures	completed	success	2026-10-09T14:24:32Z
mutation-ledger-push	completed	skipped	2026-10-09T14:24:07Z
mutation-nightly	completed	skipped	2026-10-09T14:24:07Z
slow	completed	skipped	2026-10-09T14:24:07Z
mutation-ledger	completed	skipped	2026-10-09T14:24:07Z
record	completed	skipped	2026-10-09T14:24:07Z
record-autofix	completed	skipped	2026-10-09T14:24:07Z
recheck-gate	completed	skipped	2026-10-09T14:24:07Z
delivery-status-publish	completed	skipped	2026-10-09T14:24:07Z
policy-docs	completed	success	2026-10-09T14:24:29Z
instrument-self-tests	completed	success	2026-10-09T14:24:27Z
briefs	completed	success	2026-10-09T14:24:10Z
browser	completed	success	2026-10-09T14:24:10Z
wave-script	completed	success	2026-10-09T14:24:24Z
typing	completed	success	2026-10-09T14:24:10Z
coverage	completed	success	2026-10-09T14:24:10Z
closure-scope	completed	success	2026-10-09T14:24:10Z
fast (3.14)	completed	success	2026-10-09T14:24:10Z
delivery-status	completed	success	2026-10-09T14:24:21Z
mutation	completed	success	2026-10-09T14:24:10Z
hassfest	completed	success	2026-10-09T14:24:12Z
env-matrix	completed	success	2026-10-09T14:24:10Z
nightly-status	completed	success	2026-10-09T14:24:09Z
validate-hacs	completed	success	2026-10-09T14:24:10Z
budget-raise-gate	completed	success	2026-10-09T14:24:10Z
Analyze (javascript-typescript)	completed	success	2026-10-09T14:24:10Z
Analyze (python)	completed	success	2026-10-09T14:24:10Z
Analyze (actions)	completed	success	2026-10-09T14:24:10Z
budget-raise-gate	completed	success	2026-10-09T14:24:09Z
pr-contract	completed	success	2026-10-09T14:24:08Z
