briefs	completed	success	112845243415
browser	completed	success	112845243370
closure-scope	completed	success	112845242598
closures	completed	failure	112845374722
closures-autofix	completed	failure	112857546455
coverage	completed	success	112845243332
delivery-status	completed	failure	112845244217
delivery-status-publish	completed	skipped	112845245975
env-matrix	completed	success	112845244571
fast (3.14)	completed	success	112845243316
instrument-self-tests	completed	success	112845244187
mutation	completed	success	112845243476
mutation-autofix	completed	skipped	112845524813
mutation-ledger	completed	skipped	112845245484
mutation-ledger-push	completed	skipped	112845247399
mutation-nightly	completed	skipped	112845245103
nightly-ha	completed	skipped	112845324232
nightly-status	completed	failure	112845242905
policy-docs	completed	success	112845243616
recheck-gate	completed	skipped	112845244960
record	completed	skipped	112845246600
record-autofix	completed	skipped	112845307143
slow	completed	skipped	112845246246
typing	completed	success	112845243486
wave-script	completed	success	112845244158
