2007	a1fda86801	closures:cancelled/0	mutation:cancelled/17	fast-unclassified:0
2007	26002ff5b8	closures:success/0	mutation:failure/17	fast-unclassified:0
2007	c3e8d3de1e	closures:success/0	mutation:success/0	fast-unclassified:0
2007	29751f361c	closures:success/0	mutation:success/0	fast-unclassified:0
2007	e4c51f12ea	closures:failure/0	mutation:success/0	fast-unclassified:0
2007	0a68a28687	closures:pending/0	mutation:pending/0	fast-unclassified:0
2010	495accb541	closures:cancelled/0	mutation:cancelled/42	fast-unclassified:0
2010	ace05371ed	closures:success/0	mutation:failure/42	fast-unclassified:0
2010	5eaf098204	closures:failure/1	mutation:failure/35	fast-unclassified:0
2014	8fe9518288	closures:success/0	mutation:success/0	fast-unclassified:0
2014	3d31fc5256	closures:success/0	mutation:success/0	fast-unclassified:0
2014	064c5aae08	closures:failure/0	mutation:success/0	fast-unclassified:0
2014	1d494f01c4	closures:success/0	mutation:success/0	fast-unclassified:0
2024	af479f7d65	closures:failure/1	mutation:failure/11	fast-unclassified:1
2024	7cab991c00	closures:failure/1	mutation:failure/11	fast-unclassified:1
2025	5947316c55	closures:failure/3	mutation:skipped/55	fast-unclassified:0
2025	9817c40bd0	closures:cancelled/3	mutation:cancelled/55	fast-unclassified:0
2025	a390f5895e	closures:failure/3	mutation:failure/55	fast-unclassified:0
2025	0dfb63a8c6	closures:success/0	mutation:failure/56	fast-unclassified:0
1987	4ad1381086	closures:cancelled/0	mutation:cancelled/52	fast-unclassified:0
1987	8f75654777	closures:failure/0	mutation:failure/52	fast-unclassified:0
1987	9da596f2e5	closures:success/0	mutation:failure/52	fast-unclassified:0
1987	fca0bea0c9	closures:failure/1	mutation:success/0	fast-unclassified:0
1987	058a5f8018	closures:failure/1	mutation:success/0	fast-unclassified:0
1987	50a36f792e	closures:failure/1	mutation:success/0	fast-unclassified:0
1987	cf9de4e2a5	closures:failure/1	mutation:failure/1	fast-unclassified:0
1987	705c3be37f	closures:failure/1	mutation:success/0	fast-unclassified:0
1987	95ad5034d4	closures:failure/1	mutation:success/0	fast-unclassified:0
1987	4e3f09b6a7	closures:success/0	mutation:failure/1	fast-unclassified:0
1987	1e91aa59b4	closures:pending/0	mutation:pending/0	fast-unclassified:0
2026	dca94a6475	closures:failure/2	mutation:skipped/0	fast-unclassified:0
2026	6e21a24bba	closures:cancelled/2	mutation:success/0	fast-unclassified:0
2026	e6e9b775dc	closures:success/2	mutation:success/0	fast-unclassified:0
2026	baa6c237fc	closures:success/0	mutation:skipped/0	fast-unclassified:0
2026	d279db99be	closures:success/0	mutation:success/0	fast-unclassified:0
2027	bcb2a10c5d	closures:cancelled/0	mutation:success/0	fast-unclassified:0
2027	43883893cd	closures:success/0	mutation:success/0	fast-unclassified:0
2027	d760cbe35e	closures:success/0	mutation:success/0	fast-unclassified:0
