37909555545	c518447eb	2026-10-09T09:10:23Z	success	completed
37753990323	816547efe	2026-10-08T09:03:21Z	failure	completed
37595831734	be0cb8213	2026-10-07T08:44:51Z	failure	completed
37440269774	cff39dad6	2026-10-06T09:03:01Z	failure	completed
37288195257	a1da8d381	2026-10-05T09:09:36Z	failure	completed
37189092011	fb11a0172	2026-10-04T08:29:35Z	failure	completed
37108891698	2e569748a	2026-10-03T08:11:57Z	failure	completed
36984959667	492d84011	2026-10-02T08:36:04Z	success	completed
36839970966	404a5fb0f	2026-10-01T09:00:52Z	success	completed
36690934459	04fa97bca	2026-09-30T08:38:12Z	success	completed
36543810424	5395394da	2026-09-29T08:36:37Z	success	completed
36399160340	8ff6827a9	2026-09-28T08:44:24Z	success	completed
