claims-autofix	completed	skipped	https://github.com/tvofi/heatpump_optimizer/actions/runs/37977804238/job/113996242229
mutation-pins (2)	in_progress	-	https://github.com/tvofi/heatpump_optimizer/actions/runs/37977804238/job/113980759338
mutation-pins (1)	in_progress	-	https://github.com/tvofi/heatpump_optimizer/actions/runs/37977804238/job/113980759314
CodeQL	completed	success	https://github.com/tvofi/heatpump_optimizer/runs/113980654793
mutation-pin-plan	completed	success	https://github.com/tvofi/heatpump_optimizer/actions/runs/37977804238/job/113980638252
pr-contract	completed	success	https://github.com/tvofi/heatpump_optimizer/actions/runs/37977806343/job/113980623007
nightly-ha	completed	skipped	https://github.com/tvofi/heatpump_optimizer/actions/runs/37977804238/job/113980498989
closures	in_progress	-	https://github.com/tvofi/heatpump_optimizer/actions/runs/37977804238/job/113980496644
budget-raise-gate	completed	success	https://github.com/tvofi/heatpump_optimizer/actions/runs/37977806356/job/113980384478
mutation-ledger-push	completed	skipped	https://github.com/tvofi/heatpump_optimizer/actions/runs/37977804238/job/113980381409
mutation-nightly	completed	skipped	https://github.com/tvofi/heatpump_optimizer/actions/runs/37977804238/job/113980380896
mutation-ledger	completed	skipped	https://github.com/tvofi/heatpump_optimizer/actions/runs/37977804238/job/113980380753
delivery-status-publish	completed	skipped	https://github.com/tvofi/heatpump_optimizer/actions/runs/37977804254/job/113980380179
record	completed	skipped	https://github.com/tvofi/heatpump_optimizer/actions/runs/37977804254/job/113980380174
recheck-gate	completed	skipped	https://github.com/tvofi/heatpump_optimizer/actions/runs/37977804238/job/113980380112
record-autofix	completed	skipped	https://github.com/tvofi/heatpump_optimizer/actions/runs/37977804238/job/113980380047
slow	completed	skipped	https://github.com/tvofi/heatpump_optimizer/actions/runs/37977804238/job/113980379986
Analyze (javascript-typescript)	completed	success	https://github.com/tvofi/heatpump_optimizer/actions/runs/37977804235/job/113980379271
coverage	in_progress	-	https://github.com/tvofi/heatpump_optimizer/actions/runs/37977804238/job/113980379068
briefs	completed	success	https://github.com/tvofi/heatpump_optimizer/actions/runs/37977804238/job/113980378836
fast (3.14)	completed	success	https://github.com/tvofi/heatpump_optimizer/actions/runs/37977804238/job/113980378707
mutation	completed	failure	https://github.com/tvofi/heatpump_optimizer/actions/runs/37977804238/job/113980378679
instrument-self-tests	completed	success	https://github.com/tvofi/heatpump_optimizer/actions/runs/37977804254/job/113980378672
browser	completed	success	https://github.com/tvofi/heatpump_optimizer/actions/runs/37977804238/job/113980378570
closure-scope	completed	success	https://github.com/tvofi/heatpump_optimizer/actions/runs/37977804238/job/113980378556
typing	completed	success	https://github.com/tvofi/heatpump_optimizer/actions/runs/37977804238/job/113980378471
delivery-status	completed	success	https://github.com/tvofi/heatpump_optimizer/actions/runs/37977804254/job/113980378441
hassfest	completed	success	https://github.com/tvofi/heatpump_optimizer/actions/runs/37977804330/job/113980378440
policy-docs	completed	success	https://github.com/tvofi/heatpump_optimizer/actions/runs/37977804254/job/113980378416
env-matrix	completed	success	https://github.com/tvofi/heatpump_optimizer/actions/runs/37977804254/job/113980378405
nightly-status	completed	success	https://github.com/tvofi/heatpump_optimizer/actions/runs/37977804238/job/113980378283
wave-script	completed	success	https://github.com/tvofi/heatpump_optimizer/actions/runs/37977804254/job/113980378089
validate-hacs	completed	success	https://github.com/tvofi/heatpump_optimizer/actions/runs/37977804226/job/113980378066
Analyze (actions)	completed	success	https://github.com/tvofi/heatpump_optimizer/actions/runs/37977804235/job/113980378006
Analyze (python)	completed	success	https://github.com/tvofi/heatpump_optimizer/actions/runs/37977804235/job/113980377701
budget-raise-gate	completed	success	https://github.com/tvofi/heatpump_optimizer/actions/runs/37977804244/job/113980377518
pr-contract	completed	success	https://github.com/tvofi/heatpump_optimizer/actions/runs/37977804223/job/113980377495
