sha	parent	carried_by	date	pr	label	circ	class	description	label_source	measure_errors	seam_fallback_b/a	d_classes_over_300	d_attrbag_classes_over_30	d_methods_over_200	d_methods_over_150	d_max_class_loc	d_max_method_loc	d_max_cc	d_coordinator_loc	d_coordinator_methods	d_coordinator_attrs	d_coordinator_multiassigned_attrs	d_duplication_blocks	d_functions_cc_over_25	d_functions_cc_over_15	d_const_modules_over_50	d_local_imports	d_dead_top_level_symbols	d_dead_methods	d_internal_call_edges	d_cross_seam_edges	d_cut_dhw	d_cut_learning	d_cut_fetch	d_cut_grid	d_cut_views	d_m1_solve_sites	d_m1_solve_fields	d_m1_coord_sites	d_m1_coord_fields	d_m1_pkg_sites	d_m2_keys_read	d_m2_read_sites	d_m2_unproduced	d_m3_reaches	d_m3_members	d_m3_files	d_m3_writes	d_null_pkg_loc	abs_coordinator_loc_b/a	abs_null_pkg_loc_b/a	abs_m1_solve_sites_b/a	abs_m3_reaches_b/a
8827452e	b7f4bffa	8827452e	2026-04-23	-	BAD	no	N-shared-config	first per-solve write into the live ThermalParameters hub (dhw_hourly_draw_pattern)	"RCA-1736 §1 table (tools/audit/rca/R9-RCA-1736.md on main): ""8827452e | first per-solve hub write (dhw_hourly_draw_pattern) | The write-into-hub pattern predates every instance by four months."""		3/7	0	1	0	0	66	61	1	105	4	4	3	0	0	0	0	0	0	0	5	2	13	0	0	0	1	0	0	2	1	2	1	1	NA	0	0	0	0	255	929/1034	5674/5929	0/0	5/5
5f6ada5e	df7db821	7e7ffa10	2026-08-22	#11	BAD	no	N-shared-config	peak-tariff block pushes solve's grid-cost settings into the configured _opt_config in place; comfort values published from hub	"RCA-1736 §1: ""The defect is not the missing unwind -- it is that a solve-scoped meaning (this solve's effective tariff...) is carried by the configured object."" + SCREEN VERDICTS H1/C3 (handoff/audit-r9-alt evidence/screen/VERDICTS.md): ""introduced 5f6ada5e ... CONFIRMED"""		17/21	0	0	2	1	897	0	0	1063	36	21	15	0	1	1	0	0	4	-11	49	19	0	32	24	11	35	6	6	20	11	20	23	32	NA	0	0	0	0	1665	2274/3337	14356/16021	0/6	4/4
c27a6d32	496cc423	c27a6d32	2026-08-24	#32	BAD	no	N-shared-config	away setback: inline apply/restore envelope around writes into the shared optimizer config	"RCA-1736 §1: ""the away setback: inline _apply_away_setback / _restore_away_setback with a try/finally ... whose restore is unconditional from day one (exactly #1517's defect shape)"""		22/22	0	0	0	1	262	4	8	262	3	-1	0	0	0	2	0	0	-81	-4	6	4	1	12	2	6	0	1	1	3	1	3	0	-1	0	3	0	1	0	506	3908/4170	18326/18832	7/8	4/7
f2d7a502	a2afe933	f2d7a502	2026-08-25	(v4.0.0 T2, direct)	BAD	no	N-shared-config	fuse advisor borrows and unconditionally restores the user what-if limiter/cache	"issue draft sim-borrow (#1753; handoff/audit-r9-alt issues/screen/sim-borrow.md): ""restores both unconditionally in finally. That is the #1517 envelope shape ... Introduced by f2d7a502"""		23/23	0	0	0	0	464	0	0	464	10	7	6	0	0	2	0	0	1	0	20	11	5	0	0	47	2	2	1	3	1	3	3	5	0	0	0	0	0	942	4712/5176	22852/23794	14/16	7/7
9ac2d02c	f2d7a502	9ac2d02c	2026-08-25	#48	BAD	no	N-shared-config	T3 hot water: second writer of the dhw_hourly_draw_pattern hub; external_heat_active copied into the hub only inside the solve	"SCREEN VERDICTS H3/H4: ""dhw_hourly_draw_pattern has two writers (the learner and the per-solve blend)""; ""_current_state.external_heat_active is copied only inside the solve and read at event time -- CONFIRMED""; introduced 9ac2d02c"		23/27	0	0	0	1	507	0	0	507	9	10	6	0	1	1	0	0	2	1	12	1	21	0	5	1	0	6	4	6	3	6	3	9	0	0	0	0	0	1260	5176/5683	23794/25054	16/22	7/7
2e0d3d96	32e2d8e4	2e0d3d96	2026-08-26	#53	BAD	no	N-shared-config	price tile borrows the what-if limiter/cache (second borrower)	"sim-borrow (#1753): ""Introduced by f2d7a502 (the advisor) and 2e0d3d96 (the tile)""; class N-shared-config"		29/30	0	0	0	1	659	18	0	659	15	8	7	0	0	1	0	0	1	0	22	9	0	0	26	49	18	0	0	0	0	0	1	10	0	0	0	0	0	1355	7106/7765	27811/29166	26/26	7/7
364d9b41	99255d62	364d9b41	2026-08-22	#17	BAD	no	N-shared-config	manual plan: releases written into whichever override is current after the await; in-flight guard drops the re-solve	"issue draft inflight-refresh (C2/C4): ""_record_manual_release writes the finished solve's safety releases into whatever self._manual_override holds after the await ... Introduced by 364d9b41""; SCREEN: ""C2 [is a member] of the #1736 class"""		22/22	0	0	2	1	169	12	10	169	8	2	1	0	2	2	0	0	0	0	8	1	0	0	0	0	1	0	0	0	0	0	1	2	1	0	0	0	0	942	3491/3660	16454/17396	7/7	4/4
ca711b56	4ef5ffb1	ca711b56	2026-08-27	#68	BAD	no	N-name-sort	v5.0.0: entity family defined implicitly in two unsynchronised places (translation_key lead token vs translated display-name lead token)	"RCA-BULK-4 §2 (tools/audit/rca/RCA-BULK-4.md): ""Family membership is declared nowhere in production ... in two places that nobody keeps in step ... Since ca711b56 (v5.0.0) _attr_has_entity_name = True and the name comes from translation_key"""		31/31	0	0	0	0	0	6	0	0	0	0	0	0	0	0	0	0	0	0	0	0	0	0	0	0	0	0	0	0	0	0	0	-1	0	0	0	0	0	66	8431/8431	31307/31373	26/26	7/7
07bdc557	bf47f9e1	07bdc557	2026-09-10	#733	BAD	no	N-shared-config	boost.py overlay writes in place into coordinator._current_action (the published object), reaching into a private	"issue #1752 draft boost-leak.md: ""boost.overlay writes boost values in place into coordinator._current_action ... Nothing removes them ... Introduced by 07bdc557 (#733)""; severity high"		27/27	0	0	0	0	-6	0	0	-6	0	0	0	0	0	0	0	0	0	0	0	0	0	0	0	0	0	0	0	0	0	0	0	0	0	6	3	1	1	257	10005/9999	42568/42825	27/27	32/38
a1bdb11c	6be3cbec	a1bdb11c	2026-09-11	#792	BAD	no	P2	fix #775 adds a second copy of the input stamp chain (_age_gate) beside age_of	"R9-P2 RCA (tools/audit/rca/R9-P2.md): ""It added a second copy of the stamp chain (_age_gate) and left age_of alone ... The lint, run at a1bdb11c^ and at a1bdb11c, finds the stamp shape at 5 and then 8 sites."""		3/3	0	0	0	0	0	0	0	0	0	0	0	0	0	0	0	0	0	0	0	0	0	0	0	0	0	0	0	0	0	0	0	0	0	0	0	0	0	27	9093/9093	43328/43355	27/27	38/38
546b4924	14a3833d	546b4924	2026-09-12	- (fixes #783)	BAD	no	N-shared-config	worker-fallback streak kept in a module global / per-hass slot shared across config entries	"issue draft fallback-streak (C1): ""Its state is shared across config entries: _WORKER_FALLBACK_CAUSE is a module global ... Introduced by 546b4924"""		3/3	0	0	0	0	0	0	0	0	0	0	0	0	0	0	0	0	0	0	0	0	0	0	0	0	0	0	0	0	0	0	0	0	0	0	0	0	0	41	9082/9082	43748/43789	27/27	41/41
3b320405	26f15eb0	10bb8bb4	2026-09-24	#1588	BAD	no	P2+reach	pump-duty arbiter: 37 private coordinator reaches from pump_arbiter.py and a literal 'select' service domain beside the canonical router	"issue #1739 (ALT-ENDGAME-PLAN §2): ""84 private coordinator reaches across 13 modules (pump_arbiter.py 37), including 3 writes; several reads bypass existing public accessors""; R9-P2: ""The pump-duty arbiter (3b320405) writes the mode slot with a literal 'select', which is D12-s2-02"""		2/2	0	0	0	0	2	0	0	2	0	0	0	0	0	0	0	0	0	0	0	0	0	0	0	0	0	0	0	0	0	0	0	0	0	23	2	1	0	505	9062/9064	50656/51161	27/27	43/66
3e5aba6a	296e2734	3e5aba6a	2026-04-05	-	BAD	no	P3	adds a third inline copy of the (power-p_min)/max(p_max-p_min,0.1) normalisation	"R9-P3 RCA (tools/audit/rca/R9-P3.md): ""At the initial release ec45dc4d there were already two copies, one clipped and one not. 3e5aba6a added a third copy ... every later sibling was one more copy."""		3/3	2	0	0	0	139	47	4	139	2	3	3	0	0	2	1	0	9	0	0	0	0	0	4	0	8	0	0	11	10	11	7	15	NA	3	1	0	0	1024	560/699	2771/3795	0/0	2/5
aa2677ba	4753e187	aa2677ba	2026-09-01	#129	BAD	no	P6	sensor reads top-level payload key horizon_hours that no producer writes (untyped payload contract)	"R9-P6 RCA: ""Read added at aa2677ba (#129). The string ""horizon_hours"" has never been a key in coordinator.py at any commit ... The consumer was written against a producer that never existed.""; issue #1737 (untyped payload) cites it"		38/38	0	0	0	0	39	0	0	39	1	1	1	0	0	0	0	0	0	0	0	0	0	0	0	3	3	0	0	0	0	0	2	3	2	0	0	0	0	88	10049/10088	37409/37497	26/26	9/9
e4bc3756	a26bb765	e4bc3756	2026-09-06	#492	NEUTRAL	no	N-shared-config	away envelope moved into away.py; pattern kept; also adds the away entity family split	"RCA-1736 §1: ""the envelope moves into away.py ... The setback writer itself was untouched""; RCA-BULK-4: away family ""split since e4bc3756"". Moved-not-fixed + new feature: ambiguous"		34/31	0	0	0	0	-20	0	0	-20	-2	0	0	0	0	0	0	0	-1	0	-2	0	0	0	0	0	0	0	0	-12	-3	-12	2	2	0	7	2	1	0	298	10364/10344	40906/41204	26/26	24/31
9a0d4c5e	8ae83697	9a0d4c5e	2026-08-27	#65	NEUTRAL	no	P8	currency.py: one canonical resolver -- but of the label, not the feed denomination	"RCA-BULK-1 §3: ""currency.py ... 'The one place the display currency is decided'. But it decides the wrong fact"" -- structurally a centralisation, semantically the defect's root: conflicting"		31/31	0	0	0	0	7	0	0	7	0	1	0	2	0	0	0	0	-1	0	0	0	0	0	0	0	1	0	0	0	0	0	0	0	0	0	0	0	0	262	8424/8431	31045/31307	26/26	7/7
c5fcfb17	d259ab4a	c5fcfb17	2026-08-24	-	NEUTRAL	no	N-shared-config	economy mode widens the band through the same hub envelope	"SCREEN H2: ""mechanism confirmed, no effect reproduced ... the economy band is arguably the right yardstick"""		22/22	0	0	0	0	25	5	0	25	0	0	0	0	0	0	0	0	0	0	0	0	0	0	0	0	0	1	1	1	0	1	0	1	0	0	0	0	0	158	4274/4299	19702/19860	8/9	7/7
97dc04f2	9896ddba	97dc04f2	2026-09-24	#1563	NEUTRAL	no	N-shared-config	compare-and-restore repair of the away envelope (#1517/#1529)	"RCA-1736 §1: ""The fixer took the envelope repair -- local, cheap, and it kept the write-into-hub pattern. The snapshot shape was the class-level fix"""		2/1	0	0	0	0	-11	0	0	-11	-1	0	-1	0	0	0	0	0	0	0	0	0	0	0	0	-2	0	-2	-1	-2	-1	-2	0	0	0	0	0	0	0	18	9061/9050	50666/50684	27/25	43/43
44a6351d	2fdee33e	44a6351d	2026-09-05	#437	NEUTRAL	no	N-shared-config	#240: deep copy of the config in async_simulate (reader isolated)	"RCA-1736 §1: ""The fixer isolated the reader (one deep copy), not the writer ... Correct per-finding scope; leaves every other reader and every future writer untouched."""		34/34	0	0	0	0	57	0	0	57	1	2	2	0	0	0	0	0	0	0	2	1	0	0	0	-2	1	0	0	0	0	0	0	0	0	0	0	0	0	57	10363/10420	39410/39467	26/26	17/17
c197b018	39ba037a	c197b018	2026-09-06	#497	NEUTRAL	yes	decomp	W4-G1 S0: define and construct CoordinatorContext (scaffolding only)	"#379 (Triage B1): ""stated as separability it would have been refuted by the first person to check""; S0 adds a class and moves nothing"		31/31	0	0	0	0	0	0	0	0	0	1	0	0	0	0	0	0	0	0	0	0	0	0	0	0	0	0	0	0	0	0	0	0	0	0	0	0	0	11	10344/10344	41204/41215	26/26	31/31
7d47e80e	2128a825	c03a3298	2026-09-19	#1156	NEUTRAL	no	P6	setup-time offer of the options pre-fill page (twin page later missing an error string)	"R9-P6 names it (""the config twin page (7d47e80e) ... never gained it"") but its own message says the page is ""the options flow's own ... unchanged and unforked""; the gap is a translation catalogue, not a code shape"		3/3	0	0	0	0	0	0	0	0	0	0	0	0	0	0	0	0	0	0	0	0	0	0	0	0	0	0	0	0	0	0	0	0	0	0	0	0	0	303	9130/9130	47755/48058	27/27	41/41
ca937daa	2ab9b84d	ca937daa	2026-09-03	#340	GOOD	no	decomp	the service-handler module in disguise becomes services.py (#222)	"PR #340 title (program PR-1 of #193): ""The service-handler module in disguise becomes a module (#222)"""		35/35	0	0	-1	-1	0	-16	0	0	0	0	0	0	-1	-1	0	0	0	0	0	0	0	0	0	0	0	0	0	0	0	0	0	0	0	0	0	1	0	43	10394/10394	38770/38813	26/26	17/17
4a7bdb69	9ce2a63e	4a7bdb69	2026-09-03	#358	GOOD	yes	decomp	anti-legionella stage leaves the 625-line DHW builder (#224 stage 1)	"PR #358: ""The anti-legionella stage leaves the 625-line builder (#224 stage 1)""; accepted stage of #224"		35/35	0	0	0	0	0	-85	0	0	0	0	0	0	0	0	0	0	0	0	0	0	0	0	0	0	0	0	0	0	0	0	0	0	0	0	0	0	0	96	10394/10394	38844/38940	26/26	17/17
4b6e0765	d1f798cb	4b6e0765	2026-09-03	#360	GOOD	no	decomp	table half of ThermalParameters.from_config becomes a table (#225 stage 1)	"PR #360: ""The table half of from_config becomes a table (#225 stage 1)"""		35/35	0	0	-1	-1	0	0	0	0	0	0	0	0	0	0	0	-1	0	0	0	0	0	0	0	0	0	0	0	0	0	0	0	0	0	0	0	0	0	17	10394/10394	38940/38957	26/26	17/17
67e1cf33	c197b018	67e1cf33	2026-09-06	#500	GOOD	yes	decomp	W4-G2 S1: hub refs migrated onto CoordinatorContext	"#379 (Triage B1): ""What it is actually worth is measured and still good enough: 189 of 1,033 cross-seam references ... plus the deletion of a coordinator back-reference every later stage would otherwise need"""		31/31	0	0	0	0	0	0	0	0	0	-4	0	0	0	0	0	0	0	0	0	0	0	0	0	0	0	0	0	0	0	0	0	0	0	0	0	0	0	19	10344/10344	41215/41234	26/26	31/31
d979110c	1291f3f2	d979110c	2026-09-06	#502	GOOD	yes	decomp	W4-G3 S2: extract zero-state _solve_anchor and _liquid_fraction as value-passing helpers	PR #502 (stage S2 of #193), value-passing idiom later cited in #506 as the honest alternative to _helper(self)		31/29	0	0	0	0	-39	0	0	-39	-2	0	0	0	0	0	0	0	0	0	-5	0	0	0	0	0	0	0	0	0	0	0	0	0	0	0	0	0	0	2	10344/10305	41234/41236	26/26	31/31
5a4e6ff9	d40de994	5a4e6ff9	2026-09-06	#506	GOOD	yes	decomp	W4-G4 S3: _build_data_dict thinned over its two payload halves; ECL110 publish over plain values	"PR #506: ""Neither helper takes self, and that refusal is deliberate ... _helper(self, ...) would erase every moved reference at zero cost while the helper kept unrestricted reach ... That is laundering the number"""		29/29	0	0	0	-1	-141	0	0	-141	0	0	0	0	0	-1	0	0	0	0	0	0	0	0	0	0	-9	0	0	0	0	0	0	0	0	0	0	0	0	70	10305/10164	41236/41306	26/26	31/31
8281f544	b6a21f11	8281f544	2026-09-06	#529	GOOD	yes	decomp	W4-G6 S5: thermal-learning state leaves the dhw seam	"PR #529 title: ""the thermal-learning state leaves the dhw seam (cut_dhw 194 -> 103)"""		29/28	0	0	0	0	-5	0	0	-5	0	0	0	0	0	0	0	0	0	0	0	0	-91	-29	0	0	0	0	0	0	0	0	0	0	0	0	0	0	0	8	10164/10159	41424/41432	26/26	31/31
d04ed89f	5117ad12	d04ed89f	2026-09-06	#537	GOOD	yes	decomp	W4-G7 S6: inverter-frequency state leaves the grid seam	"PR #537 title: ""the inverter-frequency state leaves the grid seam (cut_grid 234 -> 205)"""		28/27	0	0	0	0	-9	0	0	-9	0	0	0	0	0	0	0	0	0	0	-1	-1	0	0	0	-29	0	0	0	0	0	0	0	0	0	0	0	0	0	6	10159/10150	41432/41438	26/26	31/31
0f9eb71a	3f787039	0f9eb71a	2026-09-07	#551	GOOD	no	dedup	one bounded Newton step for both heat-loss learners	"PR #551: ""_async_learn_house_heat_loss and _async_learn_lower_floor_loss each carried the same Newton step ... It moves verbatim to thermal_model.learner_newton_step ... it removed lines and a would-be duplicate"""		27/27	0	0	-1	-1	-64	0	0	-64	0	0	0	0	0	0	0	0	0	0	0	0	0	0	0	0	0	0	0	0	0	0	0	0	0	0	0	0	0	-7	10150/10086	41512/41505	26/26	31/31
52d38d95	0f9eb71a	52d38d95	2026-09-07	#555	GOOD	yes	decomp	W4-G9 S8: COP-health watch state leaves the core seam	"PR #555 title: ""the COP-health watch state leaves the core seam (cut_learning 321 -> 311)"""		27/27	0	0	0	0	0	0	0	0	0	0	0	0	0	0	0	0	0	0	0	0	0	-10	0	0	0	0	0	0	0	0	0	0	0	0	0	0	0	0	10086/10086	41505/41505	26/26	31/31
8bc4c661	51eb14fb	8bc4c661	2026-09-07	#557	GOOD	yes	decomp	W4-G10 S9: optimize's breach report leaves its tail	"PR #557 title: ""optimize's breach report leaves its tail (max_cc 84 -> 72, #224 stage 2 first block)"""		27/27	0	0	0	0	0	-35	-12	0	0	0	0	0	0	0	0	0	0	0	0	0	0	0	0	0	0	0	0	0	0	0	0	0	0	0	0	0	0	21	10086/10086	41505/41526	26/26	31/31
0323c5b8	9c1de0ca	0323c5b8	2026-09-07	#597	GOOD	no	dedup	one settings registry drives every option page (#223)	"PR #597: ""the options flow hand-listed every field it presents, and did so three times over ... Two tables replace all three""; ""12 nested helper declarations that are verbatim identical"""		27/27	0	0	0	-1	0	0	0	0	0	0	0	0	0	0	0	0	0	0	0	0	0	0	0	0	0	0	0	0	0	0	0	0	0	0	0	0	0	-743	10086/10086	41650/40907	26/26	31/31
69781076	86c95c3f	69781076	2026-09-10	#750	GOOD	yes	decomp	W5-G9: DHW profile/draws learner leaves the coordinator (no back-reference to it)	"PR #750 (owner decisions 2026-09-10): ""one class, DhwProfileLearner, constructed by the coordinator and never holding it ... _helper(self, ...) and getattr(self, ""_ctx"", self) reach-through are refused""; caveat in body: ""relocates the learner's coupling across a boundary rather than deleting it"""		27/15	1	0	0	0	-395	0	0	-395	-12	-13	-10	0	0	-1	0	0	0	0	-27	-12	-22	-29	0	0	0	0	0	-4	-1	-4	0	0	0	0	0	0	0	107	9999/9604	42919/43026	27/27	38/38
ec263d82	4da4ccec	ec263d82	2026-09-11	#771	GOOD	yes	decomp	W5-G10: the legionella guard leaves the coordinator for legionella.py	PR #771 title; W5 seam move accepted by the owner under #193		15/3	1	0	0	0	-506	0	0	-506	-12	-10	-10	0	0	0	0	0	0	0	-17	-5	-13	0	0	0	0	0	0	0	0	0	0	0	0	0	0	0	0	80	9599/9093	43225/43305	27/27	38/38
137b6d59	0cd6c796	137b6d59	2026-09-07	#548	GOOD	no	centralise	apply_topology's accepted positions derived from the slot table (one fact, one source)	"RCA-546-paired-artifacts (register _rca): countermeasure ""one check per pair"", landed ""137b6d59 (#548)""; commit: ""derive apply_topology's accepted positions from the slot table"""		27/27	0	0	0	0	0	0	0	0	0	0	0	0	0	-1	0	0	0	0	0	0	0	0	0	0	0	0	0	0	0	0	0	0	0	0	0	0	0	12	10150/10150	41500/41512	26/26	31/31
33cedffa	8454c07d	87cc65fc	2026-09-21	#1359 (fixes #1299)	GOOD	no	centralise	all four coordinator age seams routed through one UTC helper	"RCA-BULK-1 §1 (P7): ""After F1.1 there are helpers (... coordinator._utc_age_seconds ...)""; commit: ""route all four coordinator seams through one helper"""		3/3	0	0	0	0	-6	0	0	-6	0	0	0	0	0	0	0	0	0	0	0	0	0	0	0	0	0	0	0	0	0	0	0	0	0	0	0	0	0	16	9130/9124	49435/49451	27/27	42/42
043ed159	3063c1ce	23eaf856	2026-09-24	#1605 (fixes #1520/#1530)	GOOD	no	centralise	one COP law and one humidity at every planning seam	"commit title ""R8-P3: one COP law and one humidity at every planning seam (#1520, #1530)""; R8-P3 class barrier (P3/P2: one fact decided once)"		1/1	0	0	0	0	0	0	0	0	0	0	0	0	0	0	0	0	0	0	0	0	0	0	0	0	0	0	0	0	0	0	0	0	0	0	0	0	0	83	9050/9050	50684/50767	25/25	43/43
56cb0027	0011bc73	c59672bc	2026-09-24	#1559 (fixes #1513)	GOOD	no	centralise	a price/temperature entity's unit read once at the input seam (shared unit helper)	"RCA-BULK-1 §3: ""The two dimension-unit instances, °C (#961) and öre or MWh (#1513), were closed for good by one converter each at the input seam."""		3/3	0	0	0	0	-25	0	0	-25	0	0	0	0	0	0	0	0	0	0	0	0	0	0	0	0	0	0	0	0	0	0	0	0	0	0	0	0	0	122	9127/9102	50467/50589	27/27	43/43
2a451021	c59672bc	d48d9e9c	2026-09-24	#1576 (fixes #1526)	GOOD	no	centralise	heat-pump switch routed by its own domain through one router (_on_off_service)	"R9-P2 RCA: ""#1576 ... added coordinator._on_off_service, which routes an entity write by the entity's own domain ... entity_write_domain reads 1 stray seam at 2a451021^ and 0 at 2a451021""; ""the canonical rule"""		2/2	0	0	0	0	-1	0	0	-1	0	0	0	0	0	0	0	0	0	0	0	0	0	0	0	0	0	0	0	0	0	0	0	0	0	0	0	0	0	10	9062/9061	50656/50666	27/27	43/43
3e9f1878	7be8738e	0c9c4000	2026-09-26	#1704	GOOD	no	centralise	F4.1: one input-stamp owner replaces the divergent stamp-chain copies	"R9-P2 RCA: ""D1-s5-01's fix should create one owner (state_stamp in the demo) rather than patch age_of ... the stamp owner in the D1-s5-01 fix (F4.1)""; commit pins ""the stamp owner"""		1/1	0	0	0	0	0	0	0	0	0	0	0	0	0	0	0	0	0	1	0	0	0	0	0	0	0	0	0	0	0	0	0	0	0	0	0	0	0	117	9034/9034	52054/52171	26/26	78/78
ff30236d	d5db2942	058e89f1	2026-09-26	#1694	GOOD	no	centralise	F2.1: one power-fraction helper replaces four inline normalisations	"R9-P3 RCA: the D12-s2-03 four inline copies; commit: ""one power-fraction helper"" (the P3 fix the RCA asks for)"		1/1	0	0	0	0	0	0	0	0	0	0	0	0	0	0	0	0	0	0	0	0	0	0	0	0	0	0	0	0	0	0	0	0	0	0	0	0	0	16	9034/9034	52054/52070	26/26	78/78
3bae92d9	5b903344	3bae92d9	2026-09-28	#1731	GOOD	no	dedup	F1.3: the cycle's fences are one helper; the force entry point deleted	"commit 415493a8 in #1731: ""record eight coordinator metrics down -- the fences are one helper, the force entry point deleted""; carry a58e79e3: ""the cycle's fences are one helper's argument list, not per-site try-blocks"""		1/0	0	0	0	0	-6	0	0	-6	-1	0	0	0	0	0	0	0	0	0	-5	-2	0	-1	0	-1	0	0	0	0	0	0	0	0	0	0	0	0	0	80	9032/9026	53109/53189	26/26	84/84
c2a0448d	d9d5e9f1	c2a0448d	2026-09-29	#1751	GOOD	no	dedup	F1.5: five inline best-effort fences become one helper's call sites	"PR #1751: ""four metrics improved ... internal_call_edges 312 -> 307 (the five inline fences became one helper's call sites)"""		0/0	0	0	0	0	0	0	0	0	0	0	0	0	0	0	0	0	0	0	-5	-3	0	-1	0	-1	0	0	0	1	0	1	0	0	0	0	0	0	0	52	9026/9026	53486/53538	26/26	84/84
5395394d	4f8088e8	5395394d	2026-09-29	#1765	GOOD	no	N-shared-config fix	EG-B9: boost overlay acts on a copy of a plan base; tile/advisor stop borrowing the what-if cache	"PR #1765 (fixes #1752/#1753, the #1736 class): ""apply lays the overlay on a copy of the base each cycle ... The borrow is deleted"""		0/0	0	0	0	0	-15	0	0	-15	0	0	-1	0	0	0	0	0	0	0	0	0	0	0	-11	-11	0	0	0	0	0	0	0	0	0	-1	0	0	1	29	9026/9011	53601/53630	26/26	85/84
