binary_sensor	test_entry_away_mode	binary_sensor.heat_pump_optimizer_away_mode	away_mode
binary_sensor	test_entry_external_heat	binary_sensor.heat_pump_optimizer_external_heat_source	external_heat_source
binary_sensor	test_entry_input_health	binary_sensor.heat_pump_optimizer_input_problem	input_problem
binary_sensor	test_entry_mold_floor_breach	binary_sensor.heat_pump_optimizer_mold_floor_breach	mold_floor_breach
binary_sensor	test_entry_ventilation	binary_sensor.heat_pump_optimizer_open_window_detected	open_window_detected
binary_sensor	test_entry_wood_cheaper	binary_sensor.heat_pump_optimizer_wood_cheaper	wood_cheaper
button	test_entry_diagnose_interval	button.heat_pump_optimizer_diagnose_last_interval	diagnose_last_interval
button	test_entry_force_optimization	button.heat_pump_optimizer_optimize_now	optimize_now
button	test_entry_reset_comfort_weight	button.heat_pump_optimizer_learning_reset_comfort_weight	learning_reset_comfort_weight
button	test_entry_system_identification	button.heat_pump_optimizer_learning_run_system_identification	learning_run_system_identification
climate	test_entry_climate	climate.heat_pump_optimizer_climate	heat_pump_optimizer
datetime	test_entry_away_return	datetime.heat_pump_optimizer_away_return	away_return
sensor	test_entry_baseline_cost	sensor.heat_pump_optimizer_cost_baseline	cost_baseline
sensor	test_entry_buffer_tank_temp	sensor.heat_pump_optimizer_buffer_tank_temperature_model	buffer_tank_temperature_model
sensor	test_entry_comfort_weight	sensor.heat_pump_optimizer_learning_comfort_weight	learning_comfort_weight
sensor	test_entry_compressor_starts	sensor.heat_pump_optimizer_compressor_starts	compressor_starts
sensor	test_entry_contract_comparison	sensor.heat_pump_optimizer_cost_contract_comparison	cost_contract_comparison
sensor	test_entry_current_cop	sensor.heat_pump_optimizer_learning_estimated_cop	learning_estimated_cop
sensor	test_entry_current_power	sensor.heat_pump_optimizer_recommended_power	recommended_power
sensor	test_entry_current_price	sensor.heat_pump_optimizer_cost_current_electricity_price	cost_current_electricity_price
sensor	test_entry_current_setpoint	sensor.heat_pump_optimizer_optimal_setpoint	optimal_setpoint
sensor	test_entry_dhw_cost_total	sensor.heat_pump_optimizer_dhw_cost	dhw_cost
sensor	test_entry_dhw_energy	sensor.heat_pump_optimizer_dhw_energy	dhw_energy
sensor	test_entry_dhw_heating_cost	sensor.heat_pump_optimizer_dhw_heating_cost	dhw_heating_cost
sensor	test_entry_dhw_heating_plan	sensor.heat_pump_optimizer_plan_dhw_heating	plan_dhw_heating
sensor	test_entry_dhw_heavy_day	sensor.heat_pump_optimizer_dhw_heavy_day_demand	dhw_heavy_day_demand
sensor	test_entry_dhw_mixed_water	sensor.heat_pump_optimizer_dhw_mixed_water	dhw_mixed_water
sensor	test_entry_dhw_schedule	sensor.heat_pump_optimizer_dhw_heating_schedule	dhw_heating_schedule
sensor	test_entry_dhw_setpoint_advisor	sensor.heat_pump_optimizer_dhw_setpoint_advisor	dhw_setpoint_advisor
sensor	test_entry_dhw_temperature	sensor.heat_pump_optimizer_dhw_temperature	dhw_temperature
sensor	test_entry_ecl110_displace	sensor.heat_pump_optimizer_ecl110_displace	ecl110_displace
sensor	test_entry_ecl110_effective_displace	sensor.heat_pump_optimizer_ecl110_effective_displace	ecl110_effective_displace
sensor	test_entry_floor_return_temp	sensor.heat_pump_optimizer_floor_heating_return_temperature	floor_heating_return_temperature
sensor	test_entry_frequency_advisor	sensor.heat_pump_optimizer_compressor_frequency_advisor	compressor_frequency_advisor
sensor	test_entry_heat_pump_action	sensor.heat_pump_optimizer_heat_pump_action	heat_pump_action
sensor	test_entry_indoor_temp	sensor.heat_pump_optimizer_indoor_temperature_optimizer	indoor_temperature_optimizer
sensor	test_entry_last_optimization	sensor.heat_pump_optimizer_last_optimization	last_optimization
sensor	test_entry_lower_floor_temp	sensor.heat_pump_optimizer_lower_floor_temperature	lower_floor_temperature
sensor	test_entry_measured_power	sensor.heat_pump_optimizer_measured_power	measured_power
sensor	test_entry_mode	sensor.heat_pump_optimizer_optimization_mode	optimization_mode
sensor	test_entry_monthly_peak	sensor.heat_pump_optimizer_cost_monthly_peak_power	cost_monthly_peak_power
sensor	test_entry_monthly_savings	sensor.heat_pump_optimizer_plan_monthly_savings	plan_monthly_savings
sensor	test_entry_next_optimization	sensor.heat_pump_optimizer_next_optimization	next_optimization
sensor	test_entry_observed_cop	sensor.heat_pump_optimizer_learning_observed_cop	learning_observed_cop
sensor	test_entry_optimization_score	sensor.heat_pump_optimizer_plan_optimization_score	plan_optimization_score
sensor	test_entry_optimization_status	sensor.heat_pump_optimizer_optimization_status	optimization_status
sensor	test_entry_outdoor_temp	sensor.heat_pump_optimizer_outdoor_temperature_optimizer	outdoor_temperature_optimizer
sensor	test_entry_plan_narrative	sensor.heat_pump_optimizer_plan_narrative	plan_narrative
sensor	test_entry_power_headroom	sensor.heat_pump_optimizer_cost_power_headroom	cost_power_headroom
sensor	test_entry_predicted_cost	sensor.heat_pump_optimizer_cost_predicted	cost_predicted
sensor	test_entry_predicted_savings	sensor.heat_pump_optimizer_plan_predicted_savings	plan_predicted_savings
sensor	test_entry_prediction_accuracy	sensor.heat_pump_optimizer_prediction_accuracy	prediction_accuracy
sensor	test_entry_predictive_insight	sensor.heat_pump_optimizer_predictive_optimization_insight	predictive_optimization_insight
sensor	test_entry_pv_surplus	sensor.heat_pump_optimizer_solar_surplus_forecast	solar_surplus_forecast
sensor	test_entry_savings_percentage	sensor.heat_pump_optimizer_plan_savings_percentage	plan_savings_percentage
sensor	test_entry_schedule	sensor.heat_pump_optimizer_optimization_schedule	optimization_schedule
sensor	test_entry_schedule_steps	sensor.heat_pump_optimizer_optimization_schedule_steps	optimization_schedule_steps
sensor	test_entry_sensor_gap_advisor	sensor.heat_pump_optimizer_sensor_gap_advisor	sensor_gap_advisor
sensor	test_entry_slab_temp	sensor.heat_pump_optimizer_slab_temperature_estimated	slab_temperature_estimated
sensor	test_entry_solar_heat_gain	sensor.heat_pump_optimizer_solar_heat_gain	solar_heat_gain
sensor	test_entry_solar_irradiance	sensor.heat_pump_optimizer_solar_irradiance	solar_irradiance
sensor	test_entry_space_cost	sensor.heat_pump_optimizer_space_heating_cost	space_heating_cost
sensor	test_entry_space_energy	sensor.heat_pump_optimizer_space_heating_energy	space_heating_energy
sensor	test_entry_space_heating_plan	sensor.heat_pump_optimizer_plan_space_heating	plan_space_heating
sensor	test_entry_thermal_battery	sensor.heat_pump_optimizer_thermal_battery_charge	thermal_battery_charge
sensor	test_entry_thermal_battery_energy	sensor.heat_pump_optimizer_thermal_battery_energy	thermal_battery_energy
sensor	test_entry_total_cost	sensor.heat_pump_optimizer_cost_total_heating	cost_total_heating
sensor	test_entry_total_energy	sensor.heat_pump_optimizer_total_energy	total_energy
sensor	test_entry_upper_floor_temp	sensor.heat_pump_optimizer_upper_floor_temperature	upper_floor_temperature
sensor	test_entry_valve_target_recommendation	sensor.heat_pump_optimizer_valve_target_recommendation	valve_target_recommendation
sensor	test_entry_wood_burn_advisor	sensor.heat_pump_optimizer_wood_burn_advisor	wood_burn_advisor
switch	test_entry_away	switch.heat_pump_optimizer_away	away
switch	test_entry_boost_dhw	switch.heat_pump_optimizer_dhw_boost	dhw_boost
switch	test_entry_boost_space	switch.heat_pump_optimizer_boost_space	boost_space
switch	test_entry_optimizer_switch	switch.heat_pump_optimizer_optimizer_active	optimizer_active
